,MSR,Margin,Entropy,Dropout,GMM,OC SVM,DF
Class 7,72.25944059711962,70.82208389767682,74.662954350502,72.97574103614237,11.27713258763276,26.77027954346356,42.267281911134496
