,MSR,Margin,Entropy,Dropout,GMM,OC SVM,DF
Class 7,96.66933963164259,96.53004440099852,96.82647571085835,95.98951168442765,57.33108711755205,77.1510826592373,89.11623667926676
