,MSR,Margin,Entropy,Dropout,GMM,OC SVM,DF
Bare Soil,0.6684098094119972,0.693416312515371,0.6148233844017508,0.5734496096319976,0.7264721888150509,0.842146120266376,0.6048311233054157
