,MSR,Margin,Entropy,Dropout,GMM,OC SVM,DF
Swimming Pools,0.0012778361720038535,0.0013103177053684115,0.0012456896980455835,0.001318516964379869,0.002705161583478868,0.5662212255603997,0.7869744988410512
Buildings,0.20525081060818204,0.20880079556754508,0.2039980133322259,0.20663898593507227,0.2412540533514418,0.2833028235081409,0.22350390593393696
Trees,0.22979578677849474,0.22056414890368284,0.2358531009894963,0.2375344000691213,0.1872333599305138,0.2466384599437496,0.1284594564019546
Water,0.059500588737877634,0.06313260190798821,0.058291727125683875,0.057624250443646885,0.08175459450747866,0.07108592556987121,0.06973771601678748
Bare Soil,0.01963116920942438,0.023492287810221887,0.016202990225105227,0.014584979002513904,0.016979375420324225,0.007890745787005458,0.013291496246674738
Roads,0.1764527026515035,0.1713266223722967,0.1876289080253737,0.17426398120750966,0.1470598167252994,0.13402846890945996,0.2400532742448287
Railways,0.003917230204951078,0.004281642798038505,0.0036051054416191596,0.003692100821556896,0.02173556965933192,0.0034181525164083577,0.003270541508045709
Grass,0.10507903104198021,0.10108247947422067,0.10918209085566415,0.10906254915010051,0.1819725245351641,0.1612560425248111,0.13834643712995673
