,MSR,Margin,Entropy,Dropout,GMM,OC SVM,DF
Roads,0.1764741676704341,0.17135679312543428,0.1876483798695749,0.1744493301301564,0.2088693918901696,0.12002073300441647,0.2345985296486329
Buildings,0.20523545370995025,0.2087958294077439,0.2039900455569608,0.20658735152719235,0.20347731342662945,0.095010416187998,0.1914296099171953
Grass,0.10507682378655918,0.1010751887892934,0.10916765020243152,0.10907755616394392,0.11429614686996868,0.17969640413365195,0.11805627421098955
Water,0.059502714025092926,0.06313660550255908,0.05828835769322133,0.05757442358079187,0.09314029324294898,0.06873730436950888,0.06952573521507703
Railways,0.003928156622472444,0.004297264013922521,0.00361147760087151,0.003683271101382017,0.007212178990829028,0.0032618876833268324,0.0029813080374081523
Bare Soil,0.01962974583668906,0.02347155056548677,0.016203395332359743,0.01459304964107283,0.02286154644515624,0.049225843429276224,0.017561390494806924
Swimming Pools,0.001277772042167116,0.001310247887768095,0.001245626936755164,0.0013250176857156075,0.0012018678355017888,0.4281420477048653,0.6165401643095688
Trees,0.23002768974347118,0.22067864428034575,0.23619003315232284,0.23725963924569118,0.12227133912235799,0.08261608515693172,0.08733863901799073
