,MSR,Margin,Entropy,Dropout,GMM,OC SVM,DF
Buildings,0.20525081060818204,0.20880079556754508,0.2039980133322259,0.20683261549996287,0.22228264965367409,0.18930119253996933,0.20845013513538624
Grass,0.1050790310419802,0.10108247947422068,0.10918209085566416,0.10903360102340344,0.1822211324252396,0.25069323804822624,0.13771378262559156
Bare Soil,0.01963117342632837,0.023494113853579544,0.01620299403403344,0.014581496567986197,0.013836320130602028,0.009385471771176523,0.013290325007337995
Water,0.059500588737877634,0.06313260190798821,0.058291727125683875,0.05774606870322365,0.07354210873156374,0.05806445623561081,0.0747465479164932
Trees,0.2297955896584785,0.22056691023408667,0.2358529241559648,0.2376588054926447,0.1844816304101896,0.0887865738407642,0.13739848968821192
Railways,0.0039172302049510785,0.004281642798038505,0.00360510544161916,0.0036841773264570258,0.004997455241677442,0.0043834608046652975,0.0032480584891610357
Swimming Pools,0.0012778361720038535,0.0013103177053684115,0.0012456896980455835,0.001314418732652023,0.0011660497122865866,0.5646673135308774,0.7478180096942735
Roads,0.17645268797335814,0.17132464130952937,0.18762889018263612,0.17443157903468956,0.1396353078727637,0.14208479689973447,0.25349740608155896
