,MSR,Margin,Entropy,Dropout,GMM,OC SVM,DF
Buildings,0.20525081060818204,0.20880079556754508,0.2039980133322259,0.20683261549996287,0.22228264965367409,0.18930119253996933,0.20845013513538624
Grass,0.1050790310419802,0.10108247947422068,0.10918209085566416,0.10903360102340344,0.1822211324252396,0.25069323804822624,0.13771378262559156
Roads,0.17645272513890992,0.17132608014913694,0.18762880056568976,0.17436428831436915,0.13936560839762466,0.1391144199957093,0.24850997231664465
Bare Soil,0.01963117342632837,0.023494113853579544,0.01620299403403344,0.014581496567986197,0.013836320130602028,0.009385471771176523,0.013290325007337995
Water,0.059500588737877634,0.06313260190798821,0.058291727125683875,0.05774606870322365,0.07354210873156374,0.05806445623561081,0.0747465479164932
Trees,0.2297955896584785,0.22056691023408667,0.2358529241559648,0.2376588054926447,0.1844816304101896,0.0887865738407642,0.13739848968821192
Railways,0.003917230204951078,0.004281642798038505,0.0036051054416191596,0.0036841773264570258,0.004997455241677442,0.0043834608046652975,0.0032480584891610353
Swimming Pools,0.0012778365824020884,0.001310314284772707,0.0012456900464587108,0.0013174572652992842,0.0011675804662137019,0.5534613157033079,0.6984525985317174
