,MSR,Margin,Entropy,Dropout,GMM,OC SVM,DF
Roads,0.17358353954320505,0.16836083570484958,0.18466809144687787,0.17130004941037064,0.1346397165663498,0.153433724901866,0.27863072694517843
Buildings,0.2040047551776499,0.20673208787890004,0.20431533368750726,0.2068367499798565,0.22364196936519806,0.24165034954014064,0.2148425979800768
Trees,0.2350205239056965,0.2257568125716292,0.24107970570008946,0.2422472769669161,0.1890346016190496,0.09699595966097868,0.12148749523547395
Grass,0.10289021338983864,0.09919718661380013,0.10678902629151464,0.10654336937328923,0.18202375627977635,0.09540953816845106,0.1406281272757775
Bare Soil,0.02323130119940316,0.027633470539468845,0.019342319215218808,0.017765869195910264,0.01854834463874724,0.01074950260000976,0.01593690567853136
Water,0.061652946050785584,0.06592064983650589,0.05923516518711081,0.05916400342331653,0.07707435922372735,0.092874613862458,0.07104460699540635
Swimming Pools,0.0011509016761122686,0.0011893062549852653,0.001116320581921136,0.0011735537524527756,0.0010458514187231649,0.5587261822214614,0.5074689343809796
Railways,0.0036326303947444467,0.004007029462913243,0.0033284916910673616,0.0034050677362164644,0.004274562741786265,0.00395448402291729,0.0025593022305120732
