,MSR,Margin,Entropy,Dropout,GMM,OC SVM,DF
Roads,0.17358355998458222,0.16836266431344699,0.184668158420844,0.17108645459189914,0.2186529090428158,0.14326376666023508,0.2870267592737305
Grass,0.10289020248667327,0.0991986683482327,0.10678902408046344,0.1066874974762716,0.13637475064880772,0.08371770350551433,0.13634704225220126
Water,0.0616529419763006,0.06592076573825703,0.059235161776633176,0.059135508692869834,0.06524733500799537,0.03910678965452952,0.08202725768472605
Bare Soil,0.023231272552437742,0.027628515598345005,0.019342307459679717,0.017796882346747575,0.02610895923884495,0.032974999061460966,0.02304356849954152
Railways,0.0036326155729937454,0.004003704698872565,0.003328483744121884,0.003405907019625389,0.0028260378068010327,0.004110971587432827,0.002510383152144305
Trees,0.23502066341919786,0.22575755421044186,0.2410798432406341,0.2419759132407907,0.2266755483453545,0.27134672573889523,0.1294670256290982
Buildings,0.2040048869264488,0.20672849290225231,0.204315440303227,0.206998125894519,0.16483378979919372,0.2674178333502061,0.2147602635638353
Swimming Pools,0.001150902598739762,0.0011893084115709544,0.0011163211708256073,0.0011783969753526092,0.779453297587061,0.5335037739043148,0.5370683518900008
