,MSR,Margin,Entropy,Dropout,GMM,OC SVM,DF
Roads,0.17358355998458222,0.168362664313447,0.184668158420844,0.17108645459189914,0.2186529090428158,0.14326376666023508,0.2870267592737305
Buildings,0.20400490920872327,0.20672858045048545,0.20431544876844,0.20690492671283384,0.16567827658689954,0.09053018855467612,0.2086437931868142
Trees,0.2350205239056965,0.2257568125716292,0.24107970570008946,0.2417268895080606,0.2235005983947204,0.31030864357710625,0.1178798039325106
Grass,0.10289020248667327,0.0991986683482327,0.10678902408046344,0.1066874974762716,0.13637475064880772,0.08371770350551433,0.13634704225220126
Water,0.0616529419763006,0.06592076573825703,0.059235161776633176,0.059135508692869834,0.06524733500799537,0.03910678965452952,0.08202725768472605
Swimming Pools,0.0011509016761122686,0.0011893062549852653,0.001116320581921136,0.001175148039784017,0.7817295221507681,0.5239099413457365,0.7230993068224859
Bare Soil,0.023231272552437742,0.027628515598345005,0.019342307459679717,0.017796882346747575,0.02610895923884495,0.032974999061460966,0.02304356849954152
Railways,0.0036326155729937463,0.004003704698872565,0.0033284837441218836,0.003405907019625389,0.0028260378068010335,0.004110971587432827,0.002510383152144305
