,MSR,Margin,Entropy,Dropout,GMM,OC SVM,DF
Swimming Pools,0.001277772042167116,0.001310247887768095,0.001245626936755164,0.0013185366872789015,0.0011911997961124947,0.031768876716254835,0.7642136843088555
Grass,0.10507900777625416,0.10108332838242223,0.10918210759744723,0.10907517017748496,0.16708880365859807,0.08534979326662114,0.13978125530815302
Roads,0.17645272514493615,0.1713260801861094,0.18762880056223416,0.17433545836985967,0.14703120576105574,0.13032930878760846,0.2518959861399958
Buildings,0.20525081060818204,0.20880079556754508,0.2039980133322259,0.20664722052985496,0.2367947576179396,0.27451917998795283,0.1992592867129062
Trees,0.2297955896584785,0.22056691023408667,0.2358529241559648,0.23743737785256666,0.18628310203622464,0.26222476980455145,0.16293332246655845
Bare Soil,0.01963117342632837,0.023494113853579544,0.01620299403403344,0.014571901978687938,0.017669972891867444,0.014175642267958203,0.013370322249075405
Water,0.05950059057648841,0.06313248436102077,0.05829172597152062,0.05770312510203832,0.07997324741850975,0.2966674606208373,0.06852431336415976
Railways,0.003917230204951077,0.004281642798038505,0.003605105441619159,0.0037134529123133008,0.01360888353789278,0.003324861082100405,0.0031832044257526114
