,MSR,Margin,Entropy,Dropout,GMM,OC SVM,DF
Railways,0.0039281648969200006,0.0042972860530025225,0.0036114822583273353,0.0036903812736331625,0.00945218860893885,0.009176961234766405,0.002493120932226517
Water,0.05950269858213982,0.06313677676037145,0.05828834051203609,0.05786286918612825,0.06967247984148457,0.042589836656226905,0.04306030215585736
Roads,0.1764742072958682,0.17135621826415934,0.1876484295701193,0.17430697002740952,0.2095112717645408,0.1207729475722434,0.30372740681871546
Grass,0.10507680076195038,0.1010751482065036,0.10916761397750868,0.10896686071114442,0.11987128518828072,0.15994145991890327,0.1491874017704127
Swimming Pools,0.0012777722562508696,0.001310253533913541,0.0012456265022849295,0.001325769769137465,0.0011843683892878818,0.5711322740961948,0.6279086372350442
Bare Soil,0.01962974982963541,0.023471655489630143,0.016203392916281974,0.014550755780366468,0.03847814175057579,0.04246324972097342,0.015106659300846243
Buildings,0.20523545546606567,0.20879726831074044,0.2039899859063543,0.206612315236708,0.2640333704443869,0.1333759960729624,0.2071776765790881
Trees,0.23002777658470008,0.22067827617239724,0.2361901484902686,0.23794932602943802,0.12421017530151601,0.10068086979033138,0.11704041782064224
