,MSR,Margin,Entropy,Dropout,GMM,OC SVM,DF
Roads,0.1764741676704341,0.17135679312543428,0.1876483798695749,0.17441595051190356,0.2124074210228301,0.12111170138544645,0.24020828041144104
Buildings,0.20523545370995025,0.2087958294077439,0.2039900455569608,0.2066316812362971,0.2046756133018517,0.11116439581275274,0.1869072566942339
Grass,0.10507680582375566,0.10107666543630434,0.10916763432317758,0.10917141796085192,0.12412267330469258,0.17419233700504955,0.11887556362776075
Bare Soil,0.019629746374590532,0.02347148410855364,0.016203393206880516,0.014601922197645872,0.040627711094037657,0.05313303475470306,0.017624584946097924
Water,0.059502714025092926,0.06313660550255908,0.05828835769322133,0.057812119209433764,0.08842378631645488,0.07482031291276643,0.062376436050384725
Railways,0.003928164445667479,0.004297274829339436,0.0036114823787013616,0.003677025552826593,0.009940803905792805,0.003179236208605716,0.0029803374882288467
Swimming Pools,0.001277772042167116,0.001310247887768095,0.001245626936755164,0.0013185366872789015,0.0011911997961124947,0.031768876716254835,0.7642136843088555
Trees,0.23002768974347118,0.22067864428034575,0.23619003315232284,0.23741542263241208,0.12191106124998337,0.20926272606840154,0.0905191137008803
