,MSR,Margin,Entropy,Dropout,GMM,OC SVM,DF
Swimming Pools,0.0011509025987397619,0.0011893084115709544,0.0011163211708256073,0.0011783969753526092,0.779453297587061,0.5335037739043148,0.5370683518900008
Roads,0.17358357065055888,0.16836254078562796,0.18466819210699487,0.17115150952711922,0.21835156459138835,0.1277537493517412,0.2602369946186633
Buildings,0.2040047696024308,0.20672994082164944,0.20431533517082887,0.20723430847385346,0.1646643081891294,0.1953085729188029,0.1987691927414184
Trees,0.2350204682833068,0.2257549954191661,0.2410796451346475,0.24241759132829754,0.13896653078827412,0.15188383108374762,0.134007735527208
Grass,0.10289020921245824,0.09919723557153028,0.10678899428694873,0.10665457194101027,0.13705523023595095,0.4557146523248221,0.13009384299644774
Bare Soil,0.023231286406424103,0.02762829001066061,0.01934231026845146,0.017796821904312237,0.02561779603793499,0.009090723301662636,0.020352025880497386
Water,0.061652951832944274,0.06592040650111725,0.0592351655787062,0.059042724867288385,0.06516224198334451,0.04584314035535246,0.08439876812071606
Railways,0.0036326299344644312,0.004004457968541322,0.003328491728413639,0.003410012591538237,0.0038982476004393116,0.0063698545633289905,0.0027461883199110587
