,MSR,Margin,Entropy,Dropout,GMM,OC SVM,DF
Grass,0.10289021338983864,0.09919718661380013,0.10678902629151464,0.10654336937328923,0.18202375627977635,0.09540953816845106,0.1406281272757775
Bare Soil,0.02323130119940316,0.027633470539468845,0.019342319215218808,0.017765869195910264,0.01854834463874724,0.01074950260000976,0.01593690567853136
Water,0.061652946050785584,0.06592064983650589,0.05923516518711081,0.05916400342331653,0.07707435922372735,0.092874613862458,0.07104460699540635
Swimming Pools,0.0011509016761122686,0.0011893062549852653,0.001116320581921136,0.0011735537524527756,0.0010458514187231649,0.5587261822214614,0.5074689343809796
Railways,0.0036326303947444467,0.004007029462913243,0.003328491691067361,0.003389923984471663,0.00395432606511351,0.003950884306447525,0.0025000009948900584
Buildings,0.2040048869264488,0.20672849290225231,0.20431544030322701,0.2071515766170728,0.16505204161427312,0.1931273063366444,0.22079840124000813
Trees,0.23502066341919786,0.22575755421044186,0.24107984324063406,0.2426184093594693,0.13989530025454847,0.15638953166472666,0.14725747761907354
Roads,0.17358355998458222,0.16836266431344699,0.184668158420844,0.1712934332163911,0.21913048511021163,0.14312460016431278,0.27750887660677537
