,MSR,Margin,Entropy,Dropout,GMM,OC SVM,DF
Bare Soil,0.01962974637459053,0.02347148410855364,0.016203393206880516,0.014601922197645872,0.040627711094037657,0.05313303475470306,0.017624584946097924
Water,0.059502714025092926,0.06313660550255908,0.05828835769322133,0.057812119209433764,0.08842378631645488,0.07482031291276643,0.062376436050384725
Railways,0.003928164445667479,0.004297274829339436,0.0036114823787013616,0.003677025552826593,0.009940803905792805,0.003179236208605716,0.0029803374882288467
Swimming Pools,0.001277772042167116,0.001310247887768095,0.001245626936755164,0.0013185366872789015,0.0011911997961124947,0.031768876716254835,0.7642136843088555
Grass,0.1050790254658591,0.10108185156508764,0.10918212284165338,0.1090411803266345,0.10761715506918916,0.1748253601630669,0.1298322722529324
Buildings,0.2052508348118827,0.2087971464001204,0.2039981026624532,0.2067236540646961,0.2067178037768221,0.1510042657635644,0.23323192399902465
Roads,0.17645272514493615,0.1713260801861094,0.18762880056223416,0.1745479789010999,0.1831114097844032,0.11918989372257133,0.2166769557694832
Trees,0.22979578677849474,0.22056414890368284,0.23585310098949627,0.23735740324326968,0.15527708731399684,0.10866312851669083,0.12419095042553695
