,MSR,Margin,Entropy,Dropout,GMM,OC SVM,DF
Water,0.05950269858213982,0.06313677676037145,0.05828834051203609,0.05786286918612825,0.06967247984148457,0.042589836656226905,0.04306030215585736
Grass,0.10507680076195038,0.1010751482065036,0.10916761397750868,0.10896686071114442,0.11987128518828072,0.15994145991890327,0.1491874017704127
Swimming Pools,0.0012777722562508696,0.001310253533913541,0.0012456265022849295,0.001325769769137465,0.0011843683892878818,0.5711322740961948,0.6279086372350442
Bare Soil,0.01962974982963541,0.023471655489630143,0.016203392916281974,0.014550755780366468,0.03847814175057579,0.04246324972097342,0.015106659300846243
Buildings,0.20523545546606567,0.20879726831074044,0.2039899859063543,0.206612315236708,0.2640333704443869,0.1333759960729624,0.2071776765790881
Trees,0.2300277765847001,0.22067827617239724,0.2361901484902686,0.237949326029438,0.124210175301516,0.10068086979033138,0.11704041782064226
Roads,0.17647420807747685,0.17135620304714194,0.1876484286609908,0.17431706187430693,0.20680570717201946,0.1213968139996791,0.3119154830247568
Railways,0.003928164515194846,0.004297284881911762,0.003611482260019714,0.0036786902557269384,0.008199702729182454,0.0032880555601788567,0.0032675880462971056
