,MSR,Margin,Entropy,Dropout,GMM,OC SVM,DF
Swimming Pools,0.0012778361720038535,0.0013103177053684115,0.0012456896980455835,0.001318516964379869,0.002705161583478868,0.5662212255603997,0.7869744988410512
Water,0.059500588737877634,0.06313260190798821,0.058291727125683875,0.057624250443646885,0.08175459450747866,0.07108592556987121,0.06973771601678748
Railways,0.0039172302049510785,0.004281642798038505,0.00360510544161916,0.003692100821556896,0.02173556965933192,0.003418152516408357,0.003270541508045709
Trees,0.22979578677849474,0.22056414890368284,0.2358531009894963,0.2368524791657876,0.14249120186342734,0.3371710733075529,0.21550941679266328
Buildings,0.20525081060818204,0.20880079556754508,0.2039980133322259,0.20683261549996287,0.22228264965367409,0.18930119253996933,0.20845013513538624
Grass,0.1050790310419802,0.10108247947422068,0.10918209085566416,0.10903360102340344,0.1822211324252396,0.25069323804822624,0.13771378262559156
Roads,0.17645272513890992,0.17132608014913694,0.18762880056568976,0.17436428831436915,0.13936560839762466,0.1391144199957093,0.24850997231664465
Bare Soil,0.019631173426328367,0.023494113853579544,0.01620299403403344,0.014581496567986197,0.013836320130602028,0.009385471771176523,0.013290325007337997
