,MSR,Margin,Entropy,Dropout,GMM,OC SVM,DF
Buildings,0.20523545370995025,0.2087958294077439,0.2039900455569608,0.2066316812362971,0.2046756133018517,0.11116439581275274,0.1869072566942339
Bare Soil,0.019629746374590532,0.02347148410855364,0.016203393206880516,0.014601922197645872,0.040627711094037657,0.05313303475470306,0.017624584946097924
Water,0.059502714025092926,0.06313660550255908,0.05828835769322133,0.057812119209433764,0.08842378631645488,0.07482031291276643,0.062376436050384725
Railways,0.003928164445667479,0.004297274829339436,0.0036114823787013616,0.003677025552826593,0.009940803905792805,0.003179236208605716,0.0029803374882288467
Swimming Pools,0.001277772042167116,0.001310247887768095,0.001245626936755164,0.0013185366872789015,0.0011911997961124947,0.031768876716254835,0.7642136843088555
Roads,0.1764527026515035,0.1713266223722967,0.1876289080253737,0.17416365806644574,0.1413312288095761,0.12337853656387733,0.22302532549091028
Trees,0.22979578677849474,0.22056414890368284,0.2358531009894963,0.2373370460050556,0.154245227270443,0.11189332333884967,0.1249020273682439
Grass,0.1050790254658591,0.10108185156508764,0.10918212284165338,0.1090411803266345,0.10761715506918916,0.1748253601630669,0.1298322722529324
