,MSR,Margin,Entropy,Dropout,GMM,OC SVM,DF
Roads,0.5971104309981277,0.5892705438961768,0.6122111393566129,0.5867492055371016,0.4623656619772862,0.5219014537166003,0.6868551588133204
Buildings,0.6538453576379102,0.6570347278641936,0.6453453481124182,0.646156847235426,0.6647116166499668,0.6968490934908558,0.6295124386331539
Trees,0.7386664031603695,0.7359595915965318,0.7445898150307624,0.7461537601317487,0.6589078255747973,0.3927951581351071,0.5351883333196121
Grass,0.3801376160533866,0.3739856788728077,0.3877106316066398,0.38972453475746016,0.6710102750196207,0.4033845339270824,0.5411476287586592
Bare Soil,0.6770223971902013,0.7013144371471182,0.6267821337330126,0.5943664871858634,0.5960411957140108,0.32219134371055763,0.5247982806471821
Water,0.5944243306927195,0.602729742103636,0.5830181215861764,0.5804877692771144,0.6745711943278924,0.7007680060835132,0.6347973546133533
Railways,0.5697660451106805,0.5943911273626331,0.5303724446978066,0.540665041139492,0.5948771047113925,0.5136678978451883,0.3607183149093223
Swimming Pools,0.26319229510535685,0.28027541775332826,0.2312816719571297,0.2754502116737331,0.17838871906714265,0.9747929274446272,0.9857318275016084
