,MSR,Margin,Entropy,Dropout,GMM,OC SVM,DF
Roads,0.5971105331847228,0.5892706154571855,0.6122112879566356,0.5864241434850014,0.6600614469205375,0.521407344127305,0.7045133126331604
Buildings,0.6538453705528763,0.6570347443136749,0.6453453564190788,0.6463853194360947,0.5832443043506171,0.6162239240349466,0.6110521666163188
Trees,0.7386663731433826,0.7359595564641239,0.7445897786037952,0.7462821264701855,0.6546448033275268,0.7879367459326001,0.5333594003561634
Grass,0.38013757260149306,0.3739856412606234,0.38771058012143866,0.3898391412972471,0.4716427154675809,0.2429530461605681,0.5466709401901971
Bare Soil,0.6770221805773858,0.7013142324169332,0.6267819567446843,0.5949127181576566,0.6567576331229329,0.6708963007607918,0.6491280832888531
Water,0.594424395509712,0.6027298276531049,0.5830181662716822,0.5800646658088886,0.5913239996413706,0.7882615354992168,0.6580053691293744
Railways,0.5697659940387806,0.5943910833533126,0.5303724478230097,0.5385377484773815,0.5504863497086473,0.6931818350491936,0.3987357611189416
Swimming Pools,0.2631922784580343,0.2802753822048117,0.2312817062612308,0.2758012009320979,0.9900916653996964,0.9709671046549364,0.9909523858219788
