,MSR,Margin,Entropy,Dropout,GMM,OC SVM,DF
Roads,0.5903482587080151,0.5823886721691182,0.6056973910585389,0.5804749884582794,0.6000856950530924,0.3837357306650337,0.6600392540197284
Buildings,0.6499328725217669,0.6537089499447668,0.6400795327637296,0.6410086141913196,0.5971991198773754,0.5019529537912177,0.6313301561028682
Trees,0.7351520352902058,0.7325807263456078,0.7410278264514598,0.7427417678240864,0.5222351243520782,0.4884319324119538,0.5467345544575329
Grass,0.3823898090050858,0.3761619499779095,0.3900314893405477,0.3922154899015549,0.4360846854922671,0.6701294101993076,0.5183543850913138
Bare Soil,0.6684097650668964,0.6934162455567621,0.6148233966768984,0.5741292996269711,0.6286974820368385,0.7393116123176534,0.6156922750281596
Water,0.6046815259691609,0.6116852618055987,0.5966879471779402,0.5934294249340241,0.6561923062380617,0.6760558305958668,0.6034011217085524
Railways,0.5645378341701464,0.5888614567583388,0.5261942664626462,0.5345798393011919,0.4931823650901872,0.4294233536867799,0.4013307625955614
Swimming Pools,0.25181305114127644,0.26802909444233497,0.22244076835844548,0.27323178550345145,0.21027373422593693,0.2304408074828904,0.9938004544565628
