,MSR,Margin,Entropy,Dropout,GMM,OC SVM,DF
Roads,0.5971104908241592,0.5892705913863425,0.6122112168537083,0.5864245113976225,0.6599392965464466,0.5021256373256321,0.6975002900930256
Buildings,0.6538454596617259,0.6570348261577286,0.6453454543703976,0.6462114351945851,0.5836386409169764,0.2561732190360941,0.6247422888340318
Trees,0.7386664031603695,0.7359595915965318,0.7445898150307624,0.7458959010074036,0.6530955116823304,0.7988440407179924,0.5144848345345671
Grass,0.3801375359914774,0.3739856073624552,0.3877105337097157,0.3899003303603979,0.4711925274633981,0.3107872628394025,0.5447891504615854
Bare Soil,0.6770220289690575,0.701314037278777,0.6267819046685831,0.5950410491099426,0.6594115431630165,0.778915977792329,0.6508702517420634
Water,0.5944243081754641,0.6027297272230653,0.583018108103649,0.579930896491607,0.5924075013972379,0.39476637939513176,0.6426098196698142
Railways,0.5697644891156992,0.5943894037465703,0.5303712984606617,0.5408888159006915,0.4404834650662942,0.5188286913047062,0.3650874896657865
Swimming Pools,0.26319229510535685,0.28027541775332826,0.2312816719571297,0.2764798691943184,0.990096501129251,0.9702025339112558,0.9885018774641195
