,MSR,Margin,Entropy,Dropout,GMM,OC SVM,DF
Roads,0.5971104908241592,0.5892705913863425,0.6122112168537083,0.5866846003909574,0.660371103962384,0.487293314653824,0.6899955286129829
Buildings,0.6538454369480144,0.6570347993986907,0.6453454435849437,0.6463321066335457,0.5819424028512771,0.6520509972321851,0.6304526202762929
Trees,0.7386665500893369,0.7359597360314297,0.7445899244834724,0.7464092141803351,0.566620620722914,0.639242967016745,0.6105444999074261
Grass,0.3801376160533866,0.3739856788728077,0.3877106316066398,0.38972453475746016,0.6710102750196207,0.4033845339270824,0.5411476287586592
Bare Soil,0.6770223971902013,0.7013144371471182,0.6267821337330126,0.5943664871858634,0.5960411957140108,0.32219134371055763,0.5247982806471821
Water,0.5944243306927195,0.602729742103636,0.5830181215861764,0.5804877692771144,0.6745711943278924,0.7007680060835132,0.6347973546133533
Railways,0.5697660451106805,0.5943911273626331,0.5303724446978066,0.5389613659725421,0.531356828204994,0.5131861564718996,0.3613814354395095
Swimming Pools,0.26319229510535685,0.28027541775332826,0.2312816719571297,0.2754502116737331,0.17838871906714265,0.9747929274446272,0.9857318275016084
