,MSR,Margin,Entropy,Dropout,GMM,OC SVM,DF
Roads,0.5903482587080151,0.5823886721691182,0.6056973910585389,0.5802024040430596,0.4593719712215298,0.472564951937514,0.6901729946162609
Buildings,0.6499329186558692,0.6537090148659729,0.640079525075402,0.6409794000720843,0.6356261703974376,0.7286014449520839,0.6242819840897479
Trees,0.7351519056059758,0.7325805988637357,0.7410276757245993,0.7424892843802452,0.5814983640959561,0.7406344614529989,0.6330678071989989
Grass,0.3823897896397329,0.3761619308026979,0.3900314775467809,0.39231517235443936,0.5323865550888055,0.3073740667151185,0.5274765959815063
Bare Soil,0.6683781700583356,0.6933644743703473,0.6148217535584746,0.5733890664657999,0.5834680563669421,0.5578067927364004,0.5160366141479339
Water,0.6046743478238701,0.6116674284114184,0.5967005165406677,0.5921026188881631,0.6446302132377827,0.7894243749880485,0.6281760534545409
Railways,0.5634402920248708,0.5876523853621709,0.5254152221169393,0.5390233862707672,0.5810281555013999,0.4337349618206914,0.4069507758536599
Swimming Pools,0.25181305114127644,0.26802909444233497,0.22244076835844548,0.27323178550345145,0.21027373422593693,0.2304408074828904,0.9938004544565628
