,MSR,Margin,Entropy,Dropout,GMM,OC SVM,DF
Roads,0.5903482587063469,0.5823886721674499,0.6056973910568715,0.5802232628397463,0.4600898453836626,0.4894907486880242,0.686954891288861
Buildings,0.6499329186558692,0.6537090148659729,0.640079525075402,0.6411101484509655,0.6557556583129037,0.6166262380808879,0.6366791144005164
Trees,0.7351519056059758,0.7325805988637357,0.7410276757245993,0.7428557380545424,0.656105724486971,0.3590712128011641,0.5826287206826328
Grass,0.3823896958983193,0.3761618507244912,0.3900313540959585,0.3921425221494296,0.6660088413501375,0.7617517421470417,0.51203982238654
Bare Soil,0.6683781700583356,0.6933644743703473,0.6148217535584746,0.5735668434378045,0.5380505770689351,0.32227431306700755,0.5146340652090298
Water,0.604674334041891,0.6116674101523877,0.5967005107342747,0.5926772813361451,0.6855035120328379,0.6030510140876528,0.6470223896574611
Railways,0.5634402920248708,0.5876523853621709,0.5254152221169393,0.5353390802687383,0.5921752397574335,0.5133631698198191,0.4008576658952638
Swimming Pools,0.2518539745940464,0.26807149389222706,0.22248571307961973,0.2729151526466779,0.16688830951930045,0.9785657316117479,0.9918673468653654
