,MSR,Margin,Entropy,Dropout,GMM,OC SVM,DF
Roads,0.5904728611699036,0.5825149867640276,0.6058262843352682,0.5804139137176366,0.6464176674786088,0.4135764732959769,0.6754849871964926
Buildings,0.6499759976894941,0.6537565535424086,0.6401073065516578,0.6409706419914909,0.5722629746641383,0.2883125744761765,0.6223453802013221
Grass,0.38238994896434797,0.3761602401135916,0.3900332052309994,0.39220200688279855,0.4586032065375715,0.6749906141349793,0.4807381689602542
Water,0.6046815259691609,0.6116852618055987,0.5966879471779402,0.591632269637816,0.6591874435291002,0.6566042140043893,0.6216371433015828
Railways,0.5645370345054543,0.5888605056606063,0.5261936601946362,0.5353062601351073,0.4768984642852239,0.4420887653916453,0.38885410572857576
Bare Soil,0.6684098166963733,0.6934163328352747,0.6148234490153359,0.5739143873914061,0.6345217452460612,0.816460537773265,0.6107828103945336
Swimming Pools,0.25181305114127644,0.26802909444233497,0.22244076835844548,0.2769180878536278,0.21851582289323068,0.6062982613799918,0.9940793281968188
Trees,0.7353029078450151,0.7326767243945692,0.7412396754821851,0.7426549846589418,0.43436400145609433,0.3015930809365395,0.34873917924386233
