,MSR,Margin,Entropy,Dropout,GMM,OC SVM,DF
Roads,0.5903483029682313,0.5823886909027097,0.6056975271443802,0.5801284401996608,0.4599722619714108,0.4610738316460238,0.6736102286833052
Buildings,0.6499329186558692,0.6537090148659729,0.640079525075402,0.6410390908002155,0.6441113440165652,0.7703597623012751,0.640785186119506
Trees,0.7351520352902058,0.7325807263456078,0.7410278264514598,0.7429271552664619,0.5821126084730851,0.7341805186178136,0.5620114417281752
Grass,0.3823896958983193,0.3761618507244912,0.3900313540959585,0.3921651769229043,0.6650248460166822,0.6575026055848756,0.5133799215475598
Bare Soil,0.6683780537996921,0.6933643063793886,0.6148216718114132,0.5736255821666406,0.5461581894136409,0.1740396221640314,0.5130134100716716
Water,0.604674334041891,0.6116674101523877,0.5967005107342747,0.5912753523779045,0.6442816147410472,0.4474990488486917,0.6272977869251535
Railways,0.5634402920248708,0.5876523853621709,0.5254152221169393,0.5362746819859031,0.5855012946806913,0.42842911350173707,0.423300497088224
Swimming Pools,0.2518535746499662,0.2680710987589661,0.22248537063675736,0.27344119132162004,0.3619635347002861,0.9789274228403312,0.9893274536815472
