,MSR,Margin,Entropy,Dropout,GMM,OC SVM,DF
Roads,0.5903482587063469,0.5823886721674499,0.6056973910568715,0.5802232628397463,0.4600898453836626,0.4894907486880242,0.686954891288861
Buildings,0.6499329186558692,0.6537090148659729,0.640079525075402,0.6411101484509655,0.6557556583129037,0.6166262380808879,0.6366791144005164
Trees,0.7351520352902058,0.7325807263456078,0.7410278264514598,0.7423740155889756,0.5366693248089268,0.810368336453678,0.630848748356924
Grass,0.3823896958983193,0.3761618507244912,0.3900313540959585,0.3921425221494296,0.6660088413501375,0.7617517421470417,0.51203982238654
Bare Soil,0.6683781700583356,0.6933644743703473,0.6148217535584746,0.5735668434378045,0.5380505770689351,0.32227431306700755,0.5146340652090298
Water,0.604674334041891,0.6116674101523877,0.5967005107342747,0.5912753523779045,0.6442816147410472,0.4474990488486917,0.6272977869251535
Railways,0.5634402920248708,0.5876523853621709,0.5254152221169393,0.5362746819859031,0.5855012946806913,0.42842911350173707,0.423300497088224
Swimming Pools,0.2518535746499662,0.2680710987589661,0.22248537063675736,0.27344119132162004,0.3619635347002861,0.9789274228403312,0.9893274536815472
