,MSR,Margin,Entropy,Dropout,GMM,OC SVM,DF
Buildings,0.20523545546606567,0.20879726831074044,0.2039899859063543,0.206612315236708,0.2640333704443869,0.1333759960729624,0.2071776765790881
Grass,0.10507680076195038,0.1010751482065036,0.10916761397750868,0.10896686071114442,0.11987128518828072,0.15994145991890327,0.1491874017704127
Bare Soil,0.01962974982963541,0.023471655489630143,0.016203392916281974,0.014550755780366468,0.03847814175057579,0.04246324972097342,0.015106659300846243
Water,0.05950269858213982,0.06313677676037145,0.05828834051203609,0.05786286918612825,0.06967247984148457,0.042589836656226905,0.04306030215585736
Swimming Pools,0.0012777722562508696,0.001310253533913541,0.0012456265022849295,0.001325769769137465,0.0011843683892878818,0.5711322740961948,0.6279086372350442
Trees,0.7353029476458147,0.7326767531047909,0.7412397567437925,0.7430531209207719,0.4373695033648805,0.4435449095154281,0.5253589353202479
Roads,0.5904729208718635,0.5825150338625558,0.6058263637332709,0.5802357823104396,0.6441429484673844,0.4207272623080898,0.6878032123264525
Railways,0.5645378395509592,0.5888614668278265,0.5261942580900123,0.53480224758422,0.4873758985084981,0.4422138850294907,0.41137423368149423
