,MSR,Margin,Entropy,Dropout,GMM,OC SVM,DF
Roads,0.5904728611699036,0.5825149867640276,0.6058262843352682,0.5804066811444197,0.6535497226484632,0.41838106997481256,0.6644688800711127
Buildings,0.6499759976894941,0.6537565535424086,0.6401073065516578,0.6408738153943068,0.5720106091177948,0.4061361901078641,0.6078158421216971
Trees,0.7353030308176405,0.7326768422167229,0.7412398352228581,0.7427628184320384,0.4368997187511939,0.6319574461330311,0.35561721272967595
Grass,0.3823899296478229,0.376160221258347,0.3900331932848125,0.39226878907378415,0.5109721592035297,0.6775803354455365,0.4804606749894354
Bare Soil,0.6684097650668964,0.6934162455567621,0.6148233966768984,0.5741292996269711,0.6286974820368385,0.7393116123176534,0.6156922750281596
Water,0.6046815259691609,0.6116852618055987,0.5966879471779402,0.5934294249340241,0.6561923062380617,0.6760558305958668,0.6034011217085524
Railways,0.5645378341701464,0.5888614567583388,0.5261942664626462,0.5345798393011919,0.4931823650901872,0.4294233536867799,0.4013307625955614
Swimming Pools,0.25181305114127644,0.26802909444233497,0.22244076835844548,0.27323178550345145,0.21027373422593698,0.2304408074828904,0.9938004544565628
