,MSR,Margin,Entropy,Dropout,GMM,OC SVM,DF
Roads,0.5971104908241592,0.5892705913863425,0.6122112168537083,0.5864245113976225,0.6599392965464466,0.5021256373256321,0.6975002900930256
Buildings,0.6538454369480144,0.6570347993986907,0.6453454435849437,0.646401259455095,0.5829424711761602,0.6301450445595329,0.6379861756689831
Trees,0.7386665500893369,0.7359597360314297,0.7445899244834724,0.7460394841500994,0.6561138052714409,0.7567518130341648,0.5616407522202375
Grass,0.3801375359914774,0.3739856073624552,0.3877105337097157,0.3899003303603979,0.4711925274633981,0.3107872628394025,0.5447891504615854
Bare Soil,0.6770220289690575,0.701314037278777,0.6267819046685831,0.5950410491099426,0.6594115431630165,0.778915977792329,0.6508702517420634
Water,0.5944243081754641,0.6027297272230653,0.583018108103649,0.579930896491607,0.5924075013972379,0.39476637939513176,0.6426098196698142
Railways,0.5697644891156992,0.5943894037465703,0.5303712984606617,0.5408888159006915,0.4404834650662942,0.5188286913047062,0.3650874896657865
Swimming Pools,0.2631928401681088,0.2802759958496589,0.2312821724732827,0.2780585565943096,0.9900475549727455,0.9700851185443372,0.9891373730840528
