,OA Train,AA Train,OA Val,AA Val,OA Test,AA Test
Swimming Pools,0.8590061369794082,0.8377072440993985,0.8054407255987923,0.7050019462927294,0.8233254679498275,0.7133735457107013
Buildings,0.907311455967736,0.8986998251437157,0.8943544928405082,0.7792632930691966,0.8393473742491421,0.6937476985818553
Trees,0.9356625881544104,0.9024676821322328,0.8879388649816352,0.7258649301607115,0.8858029104562914,0.7140038474018747
Bare Soil,0.8187319977188182,0.8261184520512185,0.8042355531222529,0.7227754386411899,0.8048643139051802,0.7100627481919708
Roads,0.9367769208875928,0.9002969855382285,0.9178270596360332,0.8037761564002538,0.8792140117601053,0.7638137979306948
Railways,0.8703002085030104,0.7689475899386211,0.8254951616381648,0.7101722089420105,0.82107130519283,0.7108385705834129
Water,0.9212782940095948,0.8968317651348284,0.8572319329201594,0.718223454234827,0.8403053898728466,0.6830515263033483
Grass,0.8220823646328588,0.8269865466331862,0.7955293221465968,0.6814995625236909,0.8147949909194935,0.6921784490854272
