,OA Train,AA Train,OA Val,AA Val,OA Test,AA Test
Roads,0.7132791590936327,0.6509074394555193,0.9179489103844664,0.8038930286899427,0.8792478230636689,0.7639065555497072
Buildings,0.6812038619341042,0.6250241659103559,0.8943932301874611,0.7792993793417352,0.8393939527096801,0.6937748699133987
Grass,0.5727319485708895,0.5448820526121243,0.7955443850773697,0.6815026091312371,0.8148984773080645,0.692284750936072
Bare Soil,0.5940846023897002,0.5396915482155625,0.8042940294977972,0.7228044303413504,0.8049348341415641,0.7101134372827986
Water,0.6537164011995024,0.6289640321112265,0.8572582159559469,0.7182702137563242,0.8403780217983373,0.6831080527970003
Railways,0.6237432197784426,0.5796049349499123,0.8255398254029629,0.7102025035017216,0.82109972698165,0.7108711533589703
Swimming Pools,0.5956377642506163,0.5771822492285009,0.8054682468280993,0.7050307748911174,0.8234047628929358,0.7134227920799179
Trees,0.6536314514526342,0.5883953789986004,0.8879432646806958,0.7258921517244614,0.8858299052104516,0.713994890975291
