,OA Train,AA Train,OA Val,AA Val,OA Test,AA Test
Swimming Pools,0.8590061369794082,0.8377072440993985,0.8054407255987923,0.7050019462927294,0.8233254679498275,0.7133735457107013
Railways,0.8703002085030104,0.7689475899386211,0.8254951616381648,0.7101722089420105,0.82107130519283,0.7108385705834129
Roads,0.9367769208875928,0.9002966483715569,0.9178270596360332,0.8037756196061245,0.8792153464168249,0.7638143159644356
Buildings,0.9073112591592222,0.8987001806451514,0.8943549539994005,0.7792702091272674,0.8393473742491421,0.6937482622565859
Trees,0.9356625881544104,0.9024676821322328,0.8879388649816352,0.7258649301607115,0.8858029104562914,0.7140038474018747
Grass,0.8220823646328588,0.8269865466331862,0.7955293221465968,0.6814995625236909,0.8147949909194935,0.6921784490854272
Bare Soil,0.8187327080723031,0.8261216440304691,0.8042336253296525,0.7227793774658395,0.8048650019074864,0.7100637793314909
Water,0.9212785469197691,0.896834502520193,0.857232624578996,0.718220209085092,0.8403053898728466,0.6830513041736519
