,OA Train,AA Train,OA Val,AA Val,OA Test,AA Test
Bare Soil,0.5940856679199276,0.53969211846906,0.8042924230039635,0.7228090371849712,0.804934490140411,0.7101132631452133
Water,0.6537167805647636,0.6289659557090085,0.8572585617853651,0.7182667483811249,0.8403772918292368,0.6831076790105081
Railways,0.6237430987246744,0.5796049125856702,0.8255385492953972,0.7102018269182208,0.8211007420455364,0.7108728094544485
Swimming Pools,0.5956377642506163,0.5771822492285009,0.8054682468280993,0.7050307748911174,0.8234057751688054,0.7134227591725562
Roads,0.7132791590936327,0.6509074394555193,0.9179489103844664,0.8038930286899427,0.8792482679492422,0.7639067555597809
Grass,0.5727325947301832,0.5448805217259994,0.7955451023597875,0.6815009556037862,0.8148997496816945,0.69228536464546
Buildings,0.6812040587426179,0.6250241072725186,0.8943927690285688,0.7792937482718549,0.839394392129119,0.6937753346379277
Trees,0.6536314514526342,0.5883953789986004,0.8879432646806958,0.7258921517244614,0.8858320141756203,0.7139949680359768
