,OA Train,AA Train,OA Val,AA Val,OA Test,AA Test
Water,0.9200178156851792,0.8971961302111864,0.858559803192388,0.7176169749520462,0.8400204963033453,0.6902608871362658
Swimming Pools,0.8604111040300093,0.8400138937887449,0.8056740339906037,0.7014607057112752,0.8237923072947737,0.7197290133804801
Railways,0.8711299872920817,0.7689354372874371,0.8278913702019346,0.7094572810342348,0.8218797134802991,0.7168607784237787
Grass,0.8217129046416852,0.8285941320848708,0.7988397419256802,0.6778627384396696,0.8146307260011437,0.6960686981076397
Buildings,0.9082013834442194,0.9021020801409486,0.8945299873644618,0.7783972541107668,0.8420155002694519,0.7036683660985029
Bare Soil,0.8199651985104813,0.8293859841004183,0.8055797760651779,0.7210740577304212,0.8083585887159664,0.7107649126967748
Trees,0.93431290060315,0.9012034640101342,0.8878515303118958,0.7239598058204769,0.8874306453537547,0.722827554752138
Roads,0.9375066834144961,0.9030337238720824,0.9166625511262363,0.7975945497935754,0.8809884187235317,0.7671282581971224
