,OA Train,AA Train,OA Val,AA Val,OA Test,AA Test
Buildings,0.6812038619341042,0.6250241659103559,0.8943932301874611,0.7792993793417352,0.8393939527096801,0.6937748699133987
Grass,0.5727315608753132,0.5448793879114592,0.7955443850773697,0.6815026091312371,0.8148980531835213,0.6922845339292473
Water,0.6537164011995024,0.6289640321112265,0.8572582159559469,0.7182702137563242,0.8403780217983373,0.6831080527970003
Railways,0.6237430987246744,0.5796049125856702,0.8255385492953972,0.7102018269182208,0.82109972698165,0.7108721707605279
Bare Soil,0.5940848391741951,0.5396915324008268,0.8042924230039635,0.7228095295741218,0.804934490140411,0.7101137491060067
Swimming Pools,0.5956377642506163,0.5771822492285009,0.8054682468280993,0.7050307748911174,0.8234047628929358,0.7134227920799179
Roads,0.7132791590936327,0.6509074394555193,0.9179489103844664,0.8038930286899427,0.8792478230636689,0.7639065555497072
Trees,0.6536314514526342,0.5883953789986004,0.8879432646806958,0.7258921517244614,0.8858299052104516,0.713994890975291
