,OA Train,AA Train,OA Val,AA Val,OA Test,AA Test
Swimming Pools,0.8590061369794082,0.8377072440993985,0.8054407255987923,0.7050019462927294,0.8233254679498275,0.7133735457107013
Grass,0.8220822354009999,0.8269873167386564,0.7955286048641791,0.6815012179566035,0.8147945667949502,0.6921783169791929
Roads,0.9367769208875928,0.9002966483715569,0.9178270596360332,0.8037756196061245,0.8792153464168249,0.7638143159644356
Buildings,0.907311455967736,0.8986998251437157,0.8943544928405082,0.7792632930691966,0.8393473742491421,0.6937476985818553
Trees,0.9356628567131632,0.9024658276693156,0.8879388649816352,0.7258657776018248,0.8858012232841564,0.7140040073048876
Bare Soil,0.8187327080723031,0.8261216440304691,0.8042336253296525,0.7227793774658395,0.8048650019074864,0.7100637793314909
Water,0.9212780410994208,0.8968339392248925,0.8572315870907411,0.7182190942088295,0.8403050248882965,0.6830525414657495
Railways,0.8703009348256197,0.7689484405967725,0.8254932474768163,0.7101707917358834,0.8210726586113453,0.7108404748890216
