,OA Train,AA Train,OA Val,AA Val,OA Test,AA Test
Bare Soil,0.8187327080723031,0.8261216440304691,0.8042336253296525,0.7227793774658395,0.8048650019074864,0.7100637793314909
Buildings,0.907311455967736,0.8986998251437157,0.8943544928405082,0.7792632930691966,0.8393473742491421,0.6937476985818553
Grass,0.8220823646328588,0.8269865466331862,0.7955293221465968,0.6814995625236909,0.8147949909194935,0.6921784490854272
Trees,0.9356628567131632,0.9024658276693156,0.8879388649816352,0.7258657776018248,0.8858012232841564,0.7140040073048876
Water,0.9212785469197692,0.896834502520193,0.857232624578996,0.7182202090850921,0.8403053898728466,0.6830513041736519
Railways,0.8703002085030104,0.7689475899386211,0.8254951616381648,0.7101722089420105,0.82107130519283,0.7108385705834129
Swimming Pools,0.8590069584352721,0.8377064730113349,0.8054419909426686,0.7050042427408465,0.8233261428004072,0.7133745485547672
Roads,0.9375066834144961,0.9030337238720824,0.9166625511262363,0.7975945497935754,0.8809884187235317,0.7671282581971224
