,OA Train,AA Train,OA Val,AA Val,OA Test,AA Test
Roads,0.937506683414496,0.9030337238720824,0.9166625511262364,0.7975945497935754,0.8809884187235317,0.7671282581971224
Grass,0.8217129046416852,0.8285941320848708,0.7988397419256802,0.6778627384396696,0.8146307260011437,0.6960686981076397
Bare Soil,0.8199651985104813,0.8293859841004183,0.8055797760651779,0.7210740577304212,0.8083585887159664,0.7107649126967748
Water,0.9200179331409096,0.8971966348462158,0.8585601149125033,0.7176172573790959,0.8400211469796419,0.6902612453458209
Railways,0.8711296511334093,0.7689352531838972,0.82789392464782,0.7094582751989061,0.8218782159488299,0.7168561767674005
Trees,0.93431290060315,0.9012034640101342,0.8878515303118958,0.7239598058204769,0.8874306453537547,0.722827554752138
Buildings,0.9082013834442194,0.9021020801409486,0.8945299873644618,0.7783972541107668,0.8420155002694519,0.7036683660985029
Swimming Pools,0.8604107788220686,0.840014012053444,0.8056709373329388,0.701457634668455,0.8237914111199168,0.7197276329471284
