,OA Train,AA Train,OA Val,AA Val,OA Test,AA Test
Roads,0.9367769208875928,0.9002969855382285,0.9178270596360332,0.8037761564002538,0.8792140117601053,0.7638137979306948
Buildings,0.9073116527762498,0.8986997600202141,0.8943544928405082,0.7792659455018495,0.8393482530880201,0.6937478403866537
Bare Soil,0.8187327080723031,0.8261216440304691,0.8042336253296525,0.7227793774658395,0.8048650019074864,0.7100637793314909
Trees,0.9356625881544104,0.9024676821322328,0.8879388649816352,0.7258649301607115,0.8858029104562914,0.7140038474018747
Water,0.9212785469197692,0.896834502520193,0.857232624578996,0.7182202090850921,0.8403053898728466,0.6830513041736519
Grass,0.8220817184735649,0.8269845244610804,0.7955286048641791,0.6815012179566035,0.8147941426704068,0.6921780999932748
Swimming Pools,0.8590061369794082,0.8377072440993985,0.8054407255987923,0.7050019462927294,0.8233254679498275,0.7133735457107013
Railways,0.8703002085030104,0.7689475899386211,0.8254951616381648,0.7101722089420105,0.82107130519283,0.7108385705834129
