,OA Train,AA Train,OA Val,AA Val,OA Test,AA Test
Buildings,0.9082019252772514,0.902102921167641,0.8945324361121723,0.7784017784824392,0.8420147248682788,0.7036680160432409
Trees,0.9343119054703446,0.901202730818835,0.887852956561085,0.7239604665090215,0.8874276433942255,0.7228244408621403
Grass,0.8217131432513259,0.8285918780504141,0.7988397419256802,0.6778645451184055,0.8146303512444545,0.6960674922499036
Bare Soil,0.8199648705864014,0.8293871305810178,0.8055800621341892,0.7210742938201308,0.8083588945329105,0.7107648447162994
Water,0.9200178156851792,0.8971961302111864,0.858559803192388,0.7176169749520462,0.8400204963033453,0.6902608871362658
Swimming Pools,0.8604111040300093,0.8400138937887449,0.8056740339906037,0.7014607057112752,0.8237923072947737,0.7197290133804801
Railways,0.8711299872920817,0.7689354372874371,0.8278913702019346,0.7094572810342348,0.8218797134802991,0.7168607784237787
Roads,0.9375066834144961,0.9030335573221059,0.9166625511262363,0.7975940793414832,0.8809884187235317,0.7671284562943358
