,OA Train,AA Train,OA Val,AA Val,OA Test,AA Test
Roads,0.9375066834144961,0.9030337238720824,0.9166625511262364,0.7975945497935754,0.8809884187235317,0.7671282581971224
Trees,0.9343119054703446,0.901202730818835,0.887852956561085,0.7239604665090215,0.8874276433942255,0.7228244408621403
Grass,0.8217129046416852,0.8285941320848708,0.7988397419256802,0.6778627384396696,0.8146307260011437,0.6960686981076397
Bare Soil,0.8199651985104813,0.8293859841004183,0.8055797760651779,0.7210740577304212,0.8083585887159664,0.7107649126967748
Water,0.9200179331409096,0.8971966348462158,0.8585601149125033,0.7176172573790959,0.8400211469796419,0.6902612453458209
Swimming Pools,0.8604111040300093,0.8400138937887449,0.8056740339906037,0.7014607057112752,0.8237923072947737,0.7197290133804801
Railways,0.8711296511334093,0.7689352531838972,0.82789392464782,0.7094582751989061,0.8218782159488299,0.7168561767674005
Buildings,0.9082013834442194,0.9021020801409486,0.8945299873644618,0.7783972541107668,0.8420155002694519,0.703668366098503
