,MSR,Margin,Entropy,Dropout,GMM,OC SVM,DF
Water,0.05704720801325916,0.058270205755463496,0.05544217445587756,0.29605920135024094,0.03076661099058661,0.05573435558010753,0.0992854738146462
