,MSR,Margin,Entropy,Dropout,GMM,OC SVM,DF
Water,0.05704720801325916,0.0582702057554635,0.05544217445587756,0.29678734716814353,0.030496095286696782,0.03961276320535671,0.10629200863822492
Roads,0.13384200151489886,0.1297534991468958,0.1442027553363875,0.12910350208536303,0.16600315696299928,0.12205062785887537,0.13720550646499513
