,MSR,Margin,Entropy,Dropout,GMM,OC SVM,DF
Water,0.5847175112389831,0.5871057450470766,0.5801516454701916,0.8787504481953102,0.2747524388824875,0.4384779807734133,0.7558899065319911
Roads,0.4607240281431969,0.4575429953291539,0.4653393352400756,0.47015999765484784,0.5666282260323774,0.4209688127576808,0.4868264974425148
