,MSR,Margin,Entropy,Dropout,GMM,OC SVM,DF
Water,0.5847175112389831,0.5871057450470766,0.5801516454701916,0.878545183363259,0.28278155257023474,0.6154401158141232,0.7423846898823124
