,OA Train,AA Train,OA Val,AA Val,OA Test,AA Test
Water,0.6941566115904181,0.6142194756359248,0.6709152963464159,0.5238717228854269,0.6984129011818929,0.5540338788143133
Railways,0.7447486875350451,0.7901145205808091,0.7117282579983232,0.7356546040002475,0.7287434625656282,0.7914961913552366
Swimming Pools,0.7079705627770654,0.6603822319412075,0.6793631271202418,0.5610785217773201,0.6916536842286407,0.6444576761294282
"[['Background' 'Roads' 'Buildings' 'Trees' 'Grass' 'Bare Soil' 'Water'
  'Railways' 'Swimming Pools']]",0.8347185870154967,0.8713888277853463,0.8003796664300473,0.8327134844434261,0.7749099278582249,0.8074204008007643
Buildings,0.8428794974927579,0.8193122386824798,0.7858936106435472,0.6787743544129565,0.7673775008458824,0.6482784468126997
Grass,0.8251617013632668,0.8537813232007047,0.7771080750937309,0.7130719160418607,0.7955817249823777,0.6958261827398086
Trees,0.8317507613640636,0.8024978840569897,0.7606747698457426,0.6652841810887384,0.8217144115291221,0.6485216620882125
Bare Soil,0.8130996049369094,0.8277989721625191,0.7722255208895606,0.7803995078069559,0.8106146371802638,0.8153175676747256
Roads,0.9295130497523368,0.8962689418294753,0.8803176889340125,0.7601154574804828,0.8641243828880992,0.7245636280467506
