,OA Train,AA Train,OA Val,AA Val,OA Test,AA Test
Bare Soil,0.7199223015358197,0.7148529497348061,0.7378340221978892,0.6544615244483417,0.7183125917838077,0.6439808539302844
Water,0.6941566115904181,0.6142194756359248,0.6709152963464159,0.5238717228854269,0.6984129011818929,0.5540338788143133
Railways,0.7447486875350451,0.7901145205808091,0.7117282579983232,0.7356546040002475,0.7287434625656282,0.7914961913552366
Swimming Pools,0.7079705627770654,0.6603822319412075,0.6793631271202418,0.5610785217773201,0.6916536842286407,0.6444576761294282
Grass,0.7213201551299232,0.6754704085368172,0.7244046735253211,0.6390230320636155,0.7258475916936057,0.6372240025347632
"[['Background' 'Roads' 'Buildings' 'Trees' 'Grass' 'Bare Soil' 'Water'
  'Railways' 'Swimming Pools']]",0.8347185870154967,0.8713888277853463,0.8003796664300473,0.8327134844434261,0.7749099278582249,0.8074204008007643
Trees,0.8466001804714818,0.8880046561880037,0.8139235276307101,0.8589091004519169,0.8243797217093922,0.8573587079632947
Buildings,0.8774264767674438,0.9117586500335602,0.8909972561045908,0.9183073032296772,0.8208131017299943,0.8636164761944728
Roads,0.8764102695334345,0.7987068558422472,0.8126230629314845,0.6770378353121314,0.7904144064625858,0.6551749741927704
