,OA Train,AA Train,OA Val,AA Val,OA Test,AA Test
Buildings,0.7987569967886755,0.7717547066142638,0.8176098134612281,0.800864705105114,0.7779903591375075,0.8088876795275679
Roads,0.8418922140888392,0.7659802569295312,0.8579367843376674,0.6246056709487245,0.7683916808177352,0.7260973565175922
Trees,0.738136014265841,0.63820339319896,0.7184940550066375,0.5203924789441358,0.7364396703096932,0.5429782801009416
